{
    "Seattle": {
        "station": "GHCND:US1WAKG0038",
        "state": "WA",
        "total_monthly_precipitation": {
            "01": 1693,
            "02": 730,
            "03": 870,
            "04": 752,
            "05": 924,
            "06": 601,
            "07": 54,
            "08": 104,
            "09": 996,
            "10": 908,
            "11": 1192,
            "12": 2356
        },
        "relative_monthly_precipitation": {
            "01": 0.15143112701252237,
            "02": 0.06529516994633273,
            "03": 0.0778175313059034,
            "04": 0.06726296958855098,
            "05": 0.08264758497316636,
            "06": 0.053756708407871195,
            "07": 0.00483005366726297,
            "08": 0.009302325581395349,
            "09": 0.089087656529517,
            "10": 0.081216457960644,
            "11": 0.10661896243291592,
            "12": 0.2107334525939177
        }
    }
}