{
    "Seattle": {
        "station": "GHCND:US1WAKG0038",
        "state": "WA",
        "total_monthly_precipitation": {
            "01": 1323,
            "02": 853,
            "03": 144,
            "04": 481,
            "05": 5,
            "06": 3,
            "07": 34,
            "08": 0,
            "09": 14,
            "10": 617,
            "11": 394,
            "12": 1903
        },
        "relative_monthly_precipitation": {
            "01": 0.22924969675966037,
            "02": 0.1478080055449662,
            "03": 0.0249523479466297,
            "04": 0.08334777334950615,
            "05": 0.0008664009703690869,
            "06": 0.0005198405822214521,
            "07": 0.005891526598509791,
            "08": 0.0,
            "09": 0.002425922717033443,
            "10": 0.10691387974354531,
            "11": 0.06827239646508404,
            "12": 0.32975220932247445
        }
    }
}